id;title;subject;content;target;status;scheduled_at;sent_at;sent_count;error_count;created_by;created_at;updated_at
26;アンケを大幅にリニューアルしました。;アンケを大幅にリニューアルしました。;"%%NICKNAME%%さん

大変ご無沙汰しております。アンケ運営チームです。
いつもアンケをご利用いただき、ありがとうございます。

この度、皆様により快適にアンケをお楽しみいただけるよう、システムを大幅にリニューアルいたしました。主な変更点をご紹介します。

【主な変更点】

🎉 Xアカウントでログイン・新規登録できます
匿名投稿できますが、Xでログインしてコメント投稿できます。
新規登録した場合は、コメント投稿できます。


🔍 キーワード検索機能の強化
カテゴリ別のキーワードページが正常に表示されるようになりました
人気キーワードから関連アンケートを簡単に探せます
キーワードページのURL構造を改善しました（例：/keyword/news/）

👤 会員システムの最適化
ログイン・会員登録システムを完全リニューアル
より安全で高速な認証システムに変更しました
プロフィール管理機能が改善されました

📱 表示の最適化
コードを整理し、ページの読み込み速度が向上しました
不要なコードを削除し、システム全体が軽量化されました
より安定した動作を実現しました

🎯 ソート機能の改善
「最新アンケ順」「コメント順」「殿堂入り」などの並び替えが正確に動作します
各ソート条件での表示件数を最適化しました
アンケを大幅にリニューアルしました。 [編集]
平素よりアンケをご愛顧いただき、誠にありがとうございます。
この度、サービス内容を大幅に刷新いたしましたので、お知らせいたします。

【主な変更点】
アンケートシステムを大幅リニューアルいたしました
平素よりアンケをご愛顧いただき、誠にありがとうございます。
この度、サービス内容を大幅に刷新いたしましたので、お知らせいたします。
主な変更点
今後、アンケは「アンケートSNS」として、どなたでも気軽にご参加いただけるコミュニティサイトとして運営してまいります。
より多くのご意見をお寄せいただくために
ログインなしでも投票やコメントの投稿が可能になりました。会員登録の手間なく、どなたでもすぐにご意見を投稿いただけます。より多様な声を集め、活発な議論の場を目指してまいります。

ポイント機能について
ポイント獲得を希望される方は、以下の流れでご利用いただけます:
まずユーザー登録を行っていただきます
ポイント獲得を希望される方のみ、マイページにて意思表示をしていただきます
意思表示をされた方には、ポイント履歴などの詳細情報を表示いたします
ログイン済みの会員様は、マイページよりご利用状況をご確認いただけますので、ぜひご覧ください。
今後ともアンケをよろしくお願い申し上げます。
アンケ運営チーム
　　上記文章をまとめて

表示を減らす
アンケシステムのリニューアル内容まとめ
アンケのシステムが大幅にリニューアルされました。主な変更点は以下の通りです。

機能面の改善としては、コメントシステムが刷新され、リアルタイム表示や並び替え機能が正常に動作するようになりました。また、殿堂入りシステムが改善され、400票以上のアンケートが特別に表示されるようになり、投票数の集計精度も向上しています。キーワード検索機能も強化され、カテゴリ別検索やキーワードページの表示が改善されました。

利便性の向上として、ログイン・会員登録システムが完全にリニューアルされ、より安全で高速な認証に対応しました。さらに重要な変更として、ログインなしでも投票やコメント投稿が可能になり、誰でも気軽に参加できるようになりました。ポイント機能は希望者のみの利用となり、マイページで詳細情報を確認できます。

技術面では、コードの整理により読み込み速度が向上し、システム全体が軽量化されました。各ソート機能（最新順、コメント順、殿堂入りなど）も正確に動作するようになっています。

総じて、アンケは「アンケートSNS」として、より多くの人が気軽に参加できるコミュニティサイトへと進化しました。

メルマガ文章にするので端的な文章にして

アンケシステムを大幅にリニューアルしました。

主な改善点は以下の通りです。コメント機能が刷新され、リアルタイム表示や並び替えが正常に動作するようになりました。殿堂入りシステムでは、400票以上のアンケートを特別表示し、投票数集計の精度も向上しています。キーワード検索機能も強化され、カテゴリ別検索やページ表示が改善されました。

利用方法の変更として、ログインなしでも投票やコメント投稿が可能になり、誰でも気軽に参加できるようになりました。会員登録してポイント獲得を希望される場合は、マイページでの意思表示後にご確認いただけます。

その他、ログイン・会員登録システムの刷新、ページ読み込み速度の向上、ソート機能の正確化など、システム全体の機能強化を実施しました。

今後ともアンケをよろしくお願いいたします。

以上

";"{""test"":1}";draft;2025-12-02 21:30:00;;"0";"0";33;2025-12-02 21:16:09;2025-12-02 21:16:09
27;【アンケ】大幅バージョンアップのお知らせ - X連携、検索強化、速度向上！ポイ活もできます;【アンケ】大幅バージョンアップのお知らせ - X連携、検索強化、速度向上！ポイ活もできます;"いつもアンケをご利用いただき、ありがとうございます。

アンケ運営チームです。

この度、システムを大幅にリニューアルし、「アンケートSNS」としてさらに進化しました。

おかげさまで毎日ユーザーが増えています。

【主な改善点】

X連携開始: 
Xアカウントでのログイン・新規登録、コメント投稿に対応。

検索が便利に:
キーワード検索や関連アンケート探しがよりスムーズに。

アンケート簡単作成：
重複類似アンケートの抽出、選択肢の自動表示機能搭載

サクサク快適: 
ページの読み込み速度が向上。

ポイント申請制度: 
ポイント獲得希望者向けの新制度を導入。

ログインページはこちらです
https://anke.jp/member_login/

ポイント機能について
引き続き、ポイント獲得したい方はアンケワークスからポイ活できます。
本日より新たに予算10,000pt設定してしています。

https://anke.jp/ankeworks/

今後ともアンケをよろしくお願い申し上げます。

以上

アンケ運営チーム
メルマガ解除はプロフィールページから変更をお願いします。
https://anke.jp/profileset/";"{""editors"":1}";sent;2025-12-15 21:40:00;2025-12-16 06:40:27;13;"0";33;2025-12-15 21:25:45;2025-12-16 06:40:27
28;テストです;テストです;"姓　名：　%%LASTNAME%% %%FIRSTNAME%%　
ニックネーム：　%%NICKNAME%%　
URL：　%%SITEURL%%
メールアドレス：　%%EMAIL%%


テストです


テストです

テストです";"{""editors"":1}";sent;2025-12-16 10:50:00;2025-12-16 11:06:10;13;"0";33;2025-12-16 10:39:13;2025-12-16 11:06:10
29;eeee;eeee;"使用可能タグ一覧

姓　名：　%%LASTNAME%% %%FIRSTNAME%%　
ニックネーム：　%%NICKNAME%%　
URL：　%%SITEURL%%
メールアドレス：　%%EMAIL%%";"{""editors"":1}";sent;2025-12-16 11:40:00;2025-12-16 11:40:10;13;"0";33;2025-12-16 11:26:26;2025-12-16 11:40:10
30;【アンケ】大幅リニューアル完了！LINE/Xログイン対応＆ポイ活強化のお知らせ;【アンケ】大幅リニューアル完了！LINE/Xログイン対応＆ポイ活強化のお知らせ;"%%NICKNAME%%さん

いつもアンケをご利用いただき、ありがとうございます。
アンケ運営チームです。

この度、システムを大幅にリニューアルし、より使いやすい「アンケートSNS」へと進化しました！
おかげさまで毎日たくさんの新規ユーザーにご登録いただいています。

━━━━━━━━━━━━━━━━━━━━
📊 主な新機能・改善点
━━━━━━━━━━━━━━━━━━━━

✅ LINE/Xログイン対応
LINEまたはXアカウントで、ログイン・新規登録・コメント投稿が可能になりました。

✅ 検索機能を大幅強化
キーワード検索や関連アンケートの発見がよりスムーズに。

✅ アンケート作成が簡単に
・重複・類似アンケートの自動検出
・選択肢の自動生成機能を搭載

✅ 表示速度が向上
ページの読み込みが高速化し、サクサク快適に。

✅ ポイント申請制度スタート
ポイント獲得を希望される方向けの新制度を導入しました。

▼ログインはこちら
https://anke.jp/member_login/

━━━━━━━━━━━━━━━━━━━━
💰 ポイント機能について
━━━━━━━━━━━━━━━━━━━━

ポイ活をご希望の方は「アンケワークス」からご利用いただけます。
本日より新たに予算10,000ptを設定いたしました！

▼アンケワークスはこちら
https://anke.jp/ankeworks/

━━━━━━━━━━━━━━━━━━━━
🎁 アマギフキャンペーン実施中！
━━━━━━━━━━━━━━━━━━━━

現在、Amazonギフト券が当たるキャンペーンを実施中です。
ぜひご応募ください！

▼キャンペーン詳細
https://x.com/anke_jp/status/2001179168097390672

━━━━━━━━━━━━━━━━━━━━

今後もより良いサービスを目指して改善を続けてまいります。
引き続き、アンケをよろしくお願いいたします。

アンケ運営チーム";"{""editors"":1}";sent;2025-12-17 16:40:00;2025-12-17 16:40:09;12;"0";33;2025-12-16 12:35:09;2025-12-17 16:40:09
31;【アンケ】大幅リニューアル完了！LINE/Xログイン対応＆ポイ活強化のお知らせ;【アンケ】大幅リニューアル完了！LINE/Xログイン対応＆ポイ活強化のお知らせ;"%%NICKNAME%%さん

いつもアンケをご利用いただき、ありがとうございます。
アンケ運営チームです。

この度、システムを大幅にリニューアルし、より使いやすい「アンケートSNS」へと進化しました！
おかげさまで毎日たくさんの新規ユーザーにご登録いただいています。

━━━━━━━━━━━━━━━━━━━━
📊 主な新機能・改善点
━━━━━━━━━━━━━━━━━━━━

✅ LINE/Xログイン対応
LINEまたはXアカウントで、ログイン・新規登録・コメント投稿が可能になりました。

✅ 検索機能を大幅強化
キーワード検索や関連アンケートの発見がよりスムーズに。

✅ アンケート作成が簡単に
・重複・類似アンケートの自動検出
・選択肢の自動生成機能を搭載

✅ 表示速度が向上
ページの読み込みが高速化し、サクサク快適に。

✅ ポイント申請制度スタート
ポイント獲得を希望される方向けの新制度を導入しました。

▼ログインはこちら
https://anke.jp/member_login/

━━━━━━━━━━━━━━━━━━━━
💰 ポイント機能について
━━━━━━━━━━━━━━━━━━━━

ポイ活をご希望の方は「アンケワークス」からご利用いただけます。
本日より新たに予算10,000ptを設定いたしました！

▼アンケワークスはこちら
https://anke.jp/ankeworks/

━━━━━━━━━━━━━━━━━━━━
🎁 アマギフキャンペーン実施中！
━━━━━━━━━━━━━━━━━━━━

現在、Amazonギフト券が当たるキャンペーンを実施中です。
ぜひご応募ください！

▼キャンペーン詳細
https://x.com/anke_jp/status/2001179168097390672

━━━━━━━━━━━━━━━━━━━━

今後もより良いサービスを目指して改善を続けてまいります。
引き続き、アンケをよろしくお願いいたします。

アンケ運営チーム";"{""mailmag"":1}";sent;2025-12-17 17:30:00;2025-12-17 17:31:40;120;186;33;2025-12-17 16:42:24;2025-12-17 17:31:40
