キーワード,出現回数
"恋人の",4
"恋人から",3
"付き合って",3
"最近",2
"私は",2
"浮気防止策",2
"してる",2
"してない",2
"実家暮らし",2
"性格の不一致",2
"友達が不倫しても",2
"友達関係を続けますか",2
"配偶者に不倫",2
"どう思います",2
"彼氏に",2
"夫婦の会話は",2
"日平均どのぐらい",2
"不倫をしたら",2
"バレる確率は何",2
"だと思いますか",2
"童貞",2
"チャラ男",2
"すぐに別れますか",2
"肉食系と草食系",2
"どっち",2
"彼が私に",2
"彼女とデート中に",2
"職場の後輩の女の人と",2
"デートが",2
"歳以上限定",2
"年になる彼氏がいます",2
"交際する",2
"男女が付き合う",2
"とは",2
"恋人に",2
"下の毛剃ってほしい",2
"彼の",2
"の名前",2
"知ってる名前と違う",2
"男性の筋肉",2
"好きな部分は",2
"どっちがタイプ",2
"将来",2
"自分の結婚相手を",2
"彼氏の言う",2
"忙しい",2
"を信じられますか",2
"女性からの",2
"逆プロポーズ",2
"ってアリですか",2
"東京",2
"はどこですか",2
"素朴な疑問です",2
"略奪愛はありですか",2
"不倫してる方いますか",2
"歳です",2
"過去の恋",2
"聞く派",2
"聞かない派",2
"男の",2
"チビ",2
"デブ",2
"ハゲ",2
"この前",1
"飲み会で",1
"彼女曰く",1
"のだそうです",1
"お付き合いして",1
"年半の彼氏がいます",1
"彼は",1
"正直引いてしまいます",1
"一人暮らし",1
"ひとり暮らし",1
"熟年離婚の原因が",1
"はあり得えますか",1
"よく",1
"女性と会話する際",1
"会社の男性と話す際",1
"この仕草をよくみます",1
"しかもダブル不倫",1
"会えば",1
"可愛い",1
"素敵",1
"好きだよ",1
"誰にでも優しくて",1
"彼の年収は私の",1
"倍なのに",1
"どう思う",1
"私の彼は",1
"未練タラタラです",1
"デート代も含みます",1
"お見合い結婚",1
"のイメージはどれ",1
"時間があまりないから",1
"彼は高卒です",1
"先日",1
"大学時代の先輩",1
"既婚者",1
"と飲んでいて",1
"と言われて",1
"モヤモヤしています",1
"万円を貸しました",1
"恋人に浮気された時",1
"どうしましたか",1
"歳年上の彼と交際中の",1
"歳独女です",1
"こんなこと",1
"絶対に誰にも言えない",1
"私と姉は",1
"つ差で",1
"既婚女性に質問です",1
"彼に",1
"どちらの",1
"代女性に憧れますか",1
"イメージ深キョン",1
"とカッコいい女性",1
"イメージ菜々緒さん",1
"どちらに憧れる",1
"と思う方",1
"気になるけど",1
"独身限定",1
"はじめまして",1
"独身の女性です",1
"昨日彼と別れました",1
"半同棲して約",1
"喧嘩を繰り返し",1
"独身者限定",1
"不機嫌ハラスメント",1
"だと思う",1
"そもそも",1
"気になりました",1
"究極の",1
"男を見る目",1
"に自信はありますか",1
"私は学生の頃から",1
"歳独身女です",1
"周りからは",1
"いつ結婚するの",1
"彼氏との夜の相性",1
"どうすれば良くなる",1
"性格も合うし",1
"一緒にいて楽しいし",1
"結婚も考えています",1
"回目のデート",1
"どこに行くべき",1
"告白を期待してもいい",1
"今週末に",1
"回目のデートをします",1
"どうすれば",1
"同じ部署の",1
"彼氏の",1
"元カノの影",1
"優しくて",1
"本当に素敵な人です",1
"マリッジブルー",1
"彼と喧嘩ばかりで",1
"体の関係",1
"はいつがベストですか",1
"聞いてほしい",1
"イケメンだけど",1
"会ったことはあるし",1
"まぁ不倫ですよね",1
"もしかしたら",1
"そこまでして",1
"と思ってしまいます",1
"二択アンケートです",1
"既婚者限定",1
"気持ちは嬉しいけど",1
"ってこと",1
"軽い気持ちで彼に",1
"と伝えてみたんです",1
"すると彼は",1
"普通待たんくない",1
"それと一緒やん",1
"と言われました",1
"結婚するとき",1
"今年",1
"歳ですが",1
"疑う彼",1
"お泊りデート",1
"彼に住んでほしい",1
"彼氏に住んでほしい",1
"付き合う相手",1
"と言っているのですが",1
"結婚して",1
"年の主婦です",1
"というのも",1
"結婚願望以前に",1
"現在",1
"彼氏は",1
"私の女友達",1
"と公言し",1
"を受けたことあります",1
"結婚相手に求める",1
"最低ラインの年収",1
"はいくらですか",1
"女性限定",1